1,0.0022639010906219483,"tensor(0.4400, device='cuda:0')",0.001,0.0023019033670425414,"tensor(0.5861, device='cuda:0')",0.001
2,0.002263141345977783,"tensor(0.5799, device='cuda:0')",0.001,0.002300973105430603,"tensor(0.5765, device='cuda:0')",0.001
3,0.0022620958367983502,"tensor(0.5467, device='cuda:0')",0.001,0.0022997363328933714,"tensor(0.5239, device='cuda:0')",0.001
4,0.002260758837064107,"tensor(0.4874, device='cuda:0')",0.001,0.002298220896720886,"tensor(0.4680, device='cuda:0')",0.001
5,0.0022592007319132486,"tensor(0.4450, device='cuda:0')",0.001,0.0022965513706207277,"tensor(0.4314, device='cuda:0')",0.001
6,0.002257541259129842,"tensor(0.4139, device='cuda:0')",0.001,0.0022948439836502077,"tensor(0.4098, device='cuda:0')",0.001
7,0.002255904686450958,"tensor(0.4002, device='cuda:0')",0.001,0.002293194580078125,"tensor(0.3965, device='cuda:0')",0.001
8,0.002254354417324066,"tensor(0.3941, device='cuda:0')",0.001,0.0022916682481765745,"tensor(0.3977, device='cuda:0')",0.001
9,0.0022529353737831114,"tensor(0.3987, device='cuda:0')",0.001,0.002290280771255493,"tensor(0.4018, device='cuda:0')",0.001
10,0.002251655606428782,"tensor(0.4070, device='cuda:0')",0.001,0.0022890387296676637,"tensor(0.4119, device='cuda:0')",0.001
11,0.002250511368115743,"tensor(0.4186, device='cuda:0')",0.001,0.0022879255533218385,"tensor(0.4262, device='cuda:0')",0.001
12,0.0022494884530703226,"tensor(0.4289, device='cuda:0')",0.001,0.0022869292736053468,"tensor(0.4432, device='cuda:0')",0.001
13,0.0022485828479131063,"tensor(0.4452, device='cuda:0')",0.001,0.0022860320329666137,"tensor(0.4518, device='cuda:0')",0.001
14,0.0022477592984835306,"tensor(0.4564, device='cuda:0')",0.001,0.002285221266746521,"tensor(0.4650, device='cuda:0')",0.001
15,0.0022470247387886048,"tensor(0.4686, device='cuda:0')",0.001,0.0022844860792160036,"tensor(0.4784, device='cuda:0')",0.001
16,0.0022463609973589578,"tensor(0.4809, device='cuda:0')",0.001,0.002283815336227417,"tensor(0.4870, device='cuda:0')",0.001
17,0.0022457511822382608,"tensor(0.4900, device='cuda:0')",0.001,0.0022832019805908202,"tensor(0.4977, device='cuda:0')",0.001
18,0.002245182168483734,"tensor(0.4991, device='cuda:0')",0.001,0.00228263578414917,"tensor(0.5094, device='cuda:0')",0.001
19,0.0022446444233258566,"tensor(0.5070, device='cuda:0')",0.001,0.002282113242149353,"tensor(0.5177, device='cuda:0')",0.001
20,0.0022441845814387003,"tensor(0.5177, device='cuda:0')",0.001,0.0022816335916519166,"tensor(0.5227, device='cuda:0')",0.001
21,0.002243721814950307,"tensor(0.5211, device='cuda:0')",0.001,0.002281185817718506,"tensor(0.5305, device='cuda:0')",0.001
22,0.002243320389588674,"tensor(0.5284, device='cuda:0')",0.001,0.0022807716608047486,"tensor(0.5348, device='cuda:0')",0.001
23,0.0022429360071818034,"tensor(0.5358, device='cuda:0')",0.001,0.002280385208129883,"tensor(0.5421, device='cuda:0')",0.001
24,0.002242602797349294,"tensor(0.5386, device='cuda:0')",0.001,0.0022800241708755492,"tensor(0.5439, device='cuda:0')",0.001
25,0.0022422345876693724,"tensor(0.5444, device='cuda:0')",0.001,0.002279689311981201,"tensor(0.5500, device='cuda:0')",0.001
26,0.00224193160533905,"tensor(0.5462, device='cuda:0')",0.001,0.002279374361038208,"tensor(0.5558, device='cuda:0')",0.001
27,0.00224165753920873,"tensor(0.5501, device='cuda:0')",0.001,0.0022790777683258058,"tensor(0.5589, device='cuda:0')",0.001
28,0.002241390399138133,"tensor(0.5549, device='cuda:0')",0.001,0.0022787989139556883,"tensor(0.5620, device='cuda:0')",0.001
29,0.002241122313340505,"tensor(0.5593, device='cuda:0')",0.001,0.002278539538383484,"tensor(0.5632, device='cuda:0')",0.001
30,0.002240871353944143,"tensor(0.5601, device='cuda:0')",0.001,0.0022782933235168455,"tensor(0.5669, device='cuda:0')",0.001
31,0.002240648682912191,"tensor(0.5637, device='cuda:0')",0.001,0.002278057622909546,"tensor(0.5700, device='cuda:0')",0.001
32,0.002240446956952413,"tensor(0.5655, device='cuda:0')",0.001,0.0022778359889984133,"tensor(0.5727, device='cuda:0')",0.001
33,0.00224023011525472,"tensor(0.5697, device='cuda:0')",0.001,0.002277626967430115,"tensor(0.5748, device='cuda:0')",0.001
34,0.0022400471885999046,"tensor(0.5696, device='cuda:0')",0.001,0.0022774292707443237,"tensor(0.5748, device='cuda:0')",0.001
35,0.002239845383167267,"tensor(0.5731, device='cuda:0')",0.001,0.0022772361040115357,"tensor(0.5779, device='cuda:0')",0.001
36,0.0022396840294202167,"tensor(0.5747, device='cuda:0')",0.001,0.0022770554065704345,"tensor(0.5805, device='cuda:0')",0.001
37,0.0022395178000132244,"tensor(0.5760, device='cuda:0')",0.001,0.002276885437965393,"tensor(0.5806, device='cuda:0')",0.001
38,0.0022393296599388123,"tensor(0.5783, device='cuda:0')",0.001,0.002276718282699585,"tensor(0.5834, device='cuda:0')",0.001
39,0.002239186668395996,"tensor(0.5794, device='cuda:0')",0.001,0.0022765594244003296,"tensor(0.5864, device='cuda:0')",0.001
40,0.002239041634400686,"tensor(0.5820, device='cuda:0')",0.001,0.0022764098167419432,"tensor(0.5873, device='cuda:0')",0.001
41,0.0022389087359110512,"tensor(0.5824, device='cuda:0')",0.001,0.0022762642860412598,"tensor(0.5871, device='cuda:0')",0.001
42,0.002238769761721293,"tensor(0.5827, device='cuda:0')",0.001,0.0022761278629302977,"tensor(0.5890, device='cuda:0')",0.001
43,0.0022386544068654377,"tensor(0.5846, device='cuda:0')",0.001,0.0022759936332702635,"tensor(0.5906, device='cuda:0')",0.001
44,0.0022385247230529786,"tensor(0.5879, device='cuda:0')",0.001,0.0022758678674697874,"tensor(0.5917, device='cuda:0')",0.001
45,0.0022384012460708617,"tensor(0.5871, device='cuda:0')",0.001,0.0022757479906082155,"tensor(0.5923, device='cuda:0')",0.001
46,0.0022382922768592836,"tensor(0.5874, device='cuda:0')",0.001,0.0022756293535232544,"tensor(0.5926, device='cuda:0')",0.001
47,0.002238163197040558,"tensor(0.5887, device='cuda:0')",0.001,0.0022755179405212402,"tensor(0.5942, device='cuda:0')",0.001
48,0.0022380656401316326,"tensor(0.5902, device='cuda:0')",0.001,0.002275408911705017,"tensor(0.5944, device='cuda:0')",0.001
49,0.0022379604935646056,"tensor(0.5928, device='cuda:0')",0.001,0.0022753042221069337,"tensor(0.5941, device='cuda:0')",0.001
50,0.002237872080008189,"tensor(0.5928, device='cuda:0')",0.001,0.0022752044200897215,"tensor(0.5965, device='cuda:0')",0.001
51,0.002237779450416565,"tensor(0.5918, device='cuda:0')",0.001,0.0022751097679138185,"tensor(0.5974, device='cuda:0')",0.001
52,0.0022376879851023356,"tensor(0.5954, device='cuda:0')",0.001,0.002275013065338135,"tensor(0.5993, device='cuda:0')",0.001
53,0.00223757780790329,"tensor(0.5953, device='cuda:0')",0.001,0.0022749237298965454,"tensor(0.5989, device='cuda:0')",0.001
54,0.00223750604391098,"tensor(0.5950, device='cuda:0')",0.001,0.0022748375415802,"tensor(0.5999, device='cuda:0')",0.001
55,0.0022374239246050515,"tensor(0.5975, device='cuda:0')",0.001,0.002274750566482544,"tensor(0.6013, device='cuda:0')",0.001
56,0.0022373517235120136,"tensor(0.5969, device='cuda:0')",0.001,0.002274671196937561,"tensor(0.6017, device='cuda:0')",0.001
57,0.002237283790111542,"tensor(0.5972, device='cuda:0')",0.001,0.0022745917797088624,"tensor(0.6028, device='cuda:0')",0.001
58,0.002237218264738719,"tensor(0.5995, device='cuda:0')",0.001,0.002274513602256775,"tensor(0.6031, device='cuda:0')",0.001
59,0.002237131647268931,"tensor(0.6000, device='cuda:0')",0.001,0.002274440598487854,"tensor(0.6054, device='cuda:0')",0.001
60,0.0022370556394259136,"tensor(0.6007, device='cuda:0')",0.001,0.0022743700742721557,"tensor(0.6052, device='cuda:0')",0.001
61,0.0022369920531908672,"tensor(0.6018, device='cuda:0')",0.001,0.002274297857284546,"tensor(0.6064, device='cuda:0')",0.001
62,0.002236943475405375,"tensor(0.6015, device='cuda:0')",0.001,0.0022742337942123414,"tensor(0.6051, device='cuda:0')",0.001
63,0.002236880854765574,"tensor(0.6032, device='cuda:0')",0.001,0.0022741671562194823,"tensor(0.6078, device='cuda:0')",0.001
64,0.0022368142565091453,"tensor(0.6041, device='cuda:0')",0.001,0.0022741016387939454,"tensor(0.6079, device='cuda:0')",0.001
65,0.002236760926246643,"tensor(0.6035, device='cuda:0')",0.001,0.002274037790298462,"tensor(0.6088, device='cuda:0')",0.001
66,0.0022366757392883302,"tensor(0.6046, device='cuda:0')",0.001,0.0022739770174026487,"tensor(0.6111, device='cuda:0')",0.001
67,0.0022366283178329466,"tensor(0.6062, device='cuda:0')",0.001,0.0022739221334457395,"tensor(0.6105, device='cuda:0')",0.001
68,0.0022365870277086895,"tensor(0.6043, device='cuda:0')",0.001,0.0022738616943359376,"tensor(0.6129, device='cuda:0')",0.001
69,0.002236523493131002,"tensor(0.6082, device='cuda:0')",0.001,0.0022738058567047118,"tensor(0.6128, device='cuda:0')",0.001
70,0.0022364638805389405,"tensor(0.6071, device='cuda:0')",0.001,0.0022737520933151247,"tensor(0.6137, device='cuda:0')",0.001
71,0.002236403481165568,"tensor(0.6091, device='cuda:0')",0.001,0.002273698139190674,"tensor(0.6127, device='cuda:0')",0.001
72,0.002236363196372986,"tensor(0.6079, device='cuda:0')",0.001,0.0022736446857452393,"tensor(0.6145, device='cuda:0')",0.001
73,0.002236315858364105,"tensor(0.6098, device='cuda:0')",0.001,0.0022735957860946657,"tensor(0.6152, device='cuda:0')",0.001
74,0.002236283715565999,"tensor(0.6099, device='cuda:0')",0.001,0.0022735453844070436,"tensor(0.6160, device='cuda:0')",0.001
75,0.0022362198114395143,"tensor(0.6097, device='cuda:0')",0.001,0.002273498034477234,"tensor(0.6163, device='cuda:0')",0.001
76,0.0022361719608306884,"tensor(0.6109, device='cuda:0')",0.001,0.0022734532356262207,"tensor(0.6168, device='cuda:0')",0.001
77,0.0022361128449440004,"tensor(0.6123, device='cuda:0')",0.001,0.0022734052419662474,"tensor(0.6167, device='cuda:0')",0.001
78,0.0022360936403274536,"tensor(0.6122, device='cuda:0')",0.001,0.0022733617305755616,"tensor(0.6170, device='cuda:0')",0.001
79,0.0022360466798146566,"tensor(0.6116, device='cuda:0')",0.001,0.0022733181715011595,"tensor(0.6176, device='cuda:0')",0.001
80,0.0022360170205434162,"tensor(0.6134, device='cuda:0')",0.001,0.0022732779264450073,"tensor(0.6168, device='cuda:0')",0.001
81,0.0022359699289004006,"tensor(0.6123, device='cuda:0')",0.001,0.0022732351303100585,"tensor(0.6187, device='cuda:0')",0.001
82,0.0022359395662943523,"tensor(0.6142, device='cuda:0')",0.001,0.0022731933832168577,"tensor(0.6199, device='cuda:0')",0.001
83,0.002235903565088908,"tensor(0.6135, device='cuda:0')",0.001,0.0022731563329696654,"tensor(0.6198, device='cuda:0')",0.001
84,0.002235875161488851,"tensor(0.6150, device='cuda:0')",0.001,0.0022731164693832397,"tensor(0.6205, device='cuda:0')",0.001
85,0.002235809405644735,"tensor(0.6152, device='cuda:0')",0.001,0.0022730785608291626,"tensor(0.6208, device='cuda:0')",0.001
86,0.002235796578725179,"tensor(0.6159, device='cuda:0')",0.001,0.002273045229911804,"tensor(0.6210, device='cuda:0')",0.001
87,0.0022357460061709087,"tensor(0.6144, device='cuda:0')",0.001,0.0022730079889297485,"tensor(0.6231, device='cuda:0')",0.001
88,0.002235720952351888,"tensor(0.6170, device='cuda:0')",0.001,0.002272971796989441,"tensor(0.6227, device='cuda:0')",0.001
89,0.00223568483988444,"tensor(0.6157, device='cuda:0')",0.001,0.0022729387998580933,"tensor(0.6229, device='cuda:0')",0.001
90,0.002235660453637441,"tensor(0.6173, device='cuda:0')",0.001,0.0022729049682617187,"tensor(0.6232, device='cuda:0')",0.001
91,0.002235628855228424,"tensor(0.6166, device='cuda:0')",0.001,0.002272872519493103,"tensor(0.6237, device='cuda:0')",0.001
92,0.0022356048504511513,"tensor(0.6184, device='cuda:0')",0.001,0.002272841477394104,"tensor(0.6230, device='cuda:0')",0.001
93,0.0022355523665746053,"tensor(0.6183, device='cuda:0')",0.001,0.0022728081464767455,"tensor(0.6242, device='cuda:0')",0.001
94,0.0022355437715848286,"tensor(0.6188, device='cuda:0')",0.001,0.002272778129577637,"tensor(0.6246, device='cuda:0')",0.001
95,0.0022355149229367575,"tensor(0.6184, device='cuda:0')",0.001,0.002272750186920166,"tensor(0.6251, device='cuda:0')",0.001
96,0.0022354612946510317,"tensor(0.6204, device='cuda:0')",0.001,0.0022727223157882693,"tensor(0.6259, device='cuda:0')",0.001
97,0.0022354568521181744,"tensor(0.6197, device='cuda:0')",0.001,0.002272691321372986,"tensor(0.6257, device='cuda:0')",0.001
98,0.0022354146758715313,"tensor(0.6195, device='cuda:0')",0.001,0.0022726619720458982,"tensor(0.6277, device='cuda:0')",0.001
99,0.0022353865027427674,"tensor(0.6210, device='cuda:0')",0.001,0.002272634220123291,"tensor(0.6269, device='cuda:0')",0.001
100,0.002235378130276998,"tensor(0.6205, device='cuda:0')",0.001,0.0022726090431213378,"tensor(0.6267, device='cuda:0')",0.001
101,0.002235346500078837,"tensor(0.6210, device='cuda:0')",0.001,0.002272580671310425,"tensor(0.6266, device='cuda:0')",0.001
102,0.002235340130329132,"tensor(0.6211, device='cuda:0')",0.001,0.0022725568532943725,"tensor(0.6278, device='cuda:0')",0.001
103,0.00223529812892278,"tensor(0.6223, device='cuda:0')",0.001,0.0022725297451019286,"tensor(0.6291, device='cuda:0')",0.001
104,0.0022352752566337586,"tensor(0.6220, device='cuda:0')",0.001,0.0022725043296813966,"tensor(0.6296, device='cuda:0')",0.001
105,0.002235235027472178,"tensor(0.6223, device='cuda:0')",0.001,0.002272482490539551,"tensor(0.6280, device='cuda:0')",0.001
106,0.0022352430502573647,"tensor(0.6229, device='cuda:0')",0.001,0.002272455859184265,"tensor(0.6291, device='cuda:0')",0.001
107,0.002235195509592692,"tensor(0.6227, device='cuda:0')",0.001,0.0022724305152893066,"tensor(0.6289, device='cuda:0')",0.001
108,0.0022351958155632018,"tensor(0.6228, device='cuda:0')",0.001,0.0022724090099334716,"tensor(0.6301, device='cuda:0')",0.001
109,0.0022351643919944764,"tensor(0.6252, device='cuda:0')",0.001,0.002272384476661682,"tensor(0.6315, device='cuda:0')",0.001
110,0.0022351413488388063,"tensor(0.6244, device='cuda:0')",0.001,0.002272362160682678,"tensor(0.6299, device='cuda:0')",0.001
111,0.0022351108471552533,"tensor(0.6234, device='cuda:0')",0.001,0.0022723414182662964,"tensor(0.6308, device='cuda:0')",0.001
112,0.002235111320018768,"tensor(0.6240, device='cuda:0')",0.001,0.002272320580482483,"tensor(0.6320, device='cuda:0')",0.001
113,0.002235070220629374,"tensor(0.6260, device='cuda:0')",0.001,0.002272297549247742,"tensor(0.6331, device='cuda:0')",0.001
114,0.002235058565934499,"tensor(0.6253, device='cuda:0')",0.001,0.0022722800016403196,"tensor(0.6307, device='cuda:0')",0.001
115,0.0022350231726964314,"tensor(0.6246, device='cuda:0')",0.001,0.002272257924079895,"tensor(0.6318, device='cuda:0')",0.001
116,0.0022350054860115053,"tensor(0.6268, device='cuda:0')",0.001,0.0022722403049468994,"tensor(0.6318, device='cuda:0')",0.001
117,0.002234982176621755,"tensor(0.6247, device='cuda:0')",0.001,0.0022722201108932496,"tensor(0.6332, device='cuda:0')",0.001
118,0.0022349743564923606,"tensor(0.6275, device='cuda:0')",0.001,0.0022721973419189455,"tensor(0.6318, device='cuda:0')",0.001
119,0.0022349688490231833,"tensor(0.6250, device='cuda:0')",0.001,0.002272179365158081,"tensor(0.6333, device='cuda:0')",0.001
120,0.002234944677352905,"tensor(0.6273, device='cuda:0')",0.001,0.002272160863876343,"tensor(0.6334, device='cuda:0')",0.001
121,0.0022349297205607097,"tensor(0.6282, device='cuda:0')",0.001,0.0022721429586410524,"tensor(0.6341, device='cuda:0')",0.001
122,0.00223489590883255,"tensor(0.6273, device='cuda:0')",0.001,0.0022721246004104613,"tensor(0.6345, device='cuda:0')",0.001
123,0.0022348834713300067,"tensor(0.6282, device='cuda:0')",0.001,0.0022721060037612915,"tensor(0.6342, device='cuda:0')",0.001
124,0.0022348592877388,"tensor(0.6283, device='cuda:0')",0.001,0.0022720868587493897,"tensor(0.6339, device='cuda:0')",0.001
125,0.0022348570585250856,"tensor(0.6282, device='cuda:0')",0.001,0.0022720715522766112,"tensor(0.6326, device='cuda:0')",0.001
126,0.002234823962052663,"tensor(0.6271, device='cuda:0')",0.001,0.002272055912017822,"tensor(0.6360, device='cuda:0')",0.001
127,0.0022348063826560976,"tensor(0.6285, device='cuda:0')",0.001,0.002272037410736084,"tensor(0.6347, device='cuda:0')",0.001
128,0.0022347960313161214,"tensor(0.6285, device='cuda:0')",0.001,0.002272016263008118,"tensor(0.6357, device='cuda:0')",0.001
129,0.002234805921713511,"tensor(0.6286, device='cuda:0')",0.001,0.002272002124786377,"tensor(0.6369, device='cuda:0')",0.001
130,0.0022347339351971945,"tensor(0.6307, device='cuda:0')",0.001,0.0022719863653182983,"tensor(0.6358, device='cuda:0')",0.001
131,0.0022347496589024862,"tensor(0.6284, device='cuda:0')",0.001,0.0022719709157943725,"tensor(0.6358, device='cuda:0')",0.001
132,0.002234758508205414,"tensor(0.6299, device='cuda:0')",0.001,0.0022719547033309938,"tensor(0.6366, device='cuda:0')",0.001
133,0.0022347045183181763,"tensor(0.6301, device='cuda:0')",0.001,0.0022719388484954833,"tensor(0.6372, device='cuda:0')",0.001
134,0.002234709676106771,"tensor(0.6300, device='cuda:0')",0.001,0.002271922755241394,"tensor(0.6376, device='cuda:0')",0.001
135,0.0022347009261449178,"tensor(0.6304, device='cuda:0')",0.001,0.0022719101905822755,"tensor(0.6362, device='cuda:0')",0.001
136,0.0022346872886021933,"tensor(0.6305, device='cuda:0')",0.001,0.002271894907951355,"tensor(0.6366, device='cuda:0')",0.001
137,0.0022346776604652407,"tensor(0.6301, device='cuda:0')",0.001,0.0022718775272369384,"tensor(0.6389, device='cuda:0')",0.001
138,0.0022346678256988527,"tensor(0.6318, device='cuda:0')",0.001,0.002271864056587219,"tensor(0.6366, device='cuda:0')",0.001
139,0.002234652558962504,"tensor(0.6294, device='cuda:0')",0.001,0.0022718515396118162,"tensor(0.6397, device='cuda:0')",0.001
140,0.002234637995560964,"tensor(0.6332, device='cuda:0')",0.001,0.002271837854385376,"tensor(0.6381, device='cuda:0')",0.001
141,0.002234634586175283,"tensor(0.6312, device='cuda:0')",0.001,0.0022718194961547852,"tensor(0.6394, device='cuda:0')",0.001
142,0.002234605411688487,"tensor(0.6308, device='cuda:0')",0.001,0.002271808457374573,"tensor(0.6391, device='cuda:0')",0.001
143,0.0022345806002616883,"tensor(0.6316, device='cuda:0')",0.001,0.0022717933177948,"tensor(0.6392, device='cuda:0')",0.001
144,0.002234581176439921,"tensor(0.6328, device='cuda:0')",0.001,0.002271780848503113,"tensor(0.6392, device='cuda:0')",0.001
145,0.002234562142690023,"tensor(0.6323, device='cuda:0')",0.001,0.002271768093109131,"tensor(0.6380, device='cuda:0')",0.001
146,0.0022345463116963706,"tensor(0.6319, device='cuda:0')",0.001,0.002271756601333618,"tensor(0.6393, device='cuda:0')",0.001
147,0.0022345641016960145,"tensor(0.6326, device='cuda:0')",0.001,0.0022717451572418215,"tensor(0.6385, device='cuda:0')",0.001
148,0.002234510616461436,"tensor(0.6326, device='cuda:0')",0.001,0.002271729302406311,"tensor(0.6389, device='cuda:0')",0.001
149,0.002234502430756887,"tensor(0.6331, device='cuda:0')",0.001,0.00227171790599823,"tensor(0.6390, device='cuda:0')",0.001
150,0.002234498957792918,"tensor(0.6313, device='cuda:0')",0.001,0.002271702599525452,"tensor(0.6403, device='cuda:0')",0.001
151,0.0022344795783360797,"tensor(0.6338, device='cuda:0')",0.001,0.002271692657470703,"tensor(0.6408, device='cuda:0')",0.001
152,0.002234490668773651,"tensor(0.6340, device='cuda:0')",0.001,0.002271680784225464,"tensor(0.6381, device='cuda:0')",0.001
153,0.0022344630757967633,"tensor(0.6330, device='cuda:0')",0.001,0.0022716652631759645,"tensor(0.6412, device='cuda:0')",0.001
154,0.002234444896380107,"tensor(0.6335, device='cuda:0')",0.001,0.00227165584564209,"tensor(0.6408, device='cuda:0')",0.001
155,0.0022344367742538453,"tensor(0.6334, device='cuda:0')",0.001,0.0022716453075408934,"tensor(0.6400, device='cuda:0')",0.001
156,0.002234423307577769,"tensor(0.6335, device='cuda:0')",0.001,0.0022716328382492066,"tensor(0.6408, device='cuda:0')",0.001
157,0.0022344171126683554,"tensor(0.6343, device='cuda:0')",0.001,0.0022716206789016725,"tensor(0.6407, device='cuda:0')",0.001
158,0.0022344207882881166,"tensor(0.6336, device='cuda:0')",0.001,0.0022716094970703124,"tensor(0.6414, device='cuda:0')",0.001
159,0.0022344034989674887,"tensor(0.6345, device='cuda:0')",0.001,0.0022715997219085694,"tensor(0.6410, device='cuda:0')",0.001
160,0.002234376883506775,"tensor(0.6337, device='cuda:0')",0.001,0.0022715903997421265,"tensor(0.6411, device='cuda:0')",0.001
161,0.0022343522191047667,"tensor(0.6348, device='cuda:0')",0.001,0.002271575331687927,"tensor(0.6414, device='cuda:0')",0.001
162,0.002234373966852824,"tensor(0.6347, device='cuda:0')",0.001,0.0022715693950653075,"tensor(0.6409, device='cuda:0')",0.001
163,0.002234379529953003,"tensor(0.6340, device='cuda:0')",0.001,0.0022715556144714357,"tensor(0.6406, device='cuda:0')",0.001
164,0.0022343560417493183,"tensor(0.6340, device='cuda:0')",0.001,0.002271543908119202,"tensor(0.6424, device='cuda:0')",0.001
165,0.0022343492110570274,"tensor(0.6363, device='cuda:0')",0.001,0.0022715365648269654,"tensor(0.6410, device='cuda:0')",0.001
166,0.002234336566925049,"tensor(0.6348, device='cuda:0')",0.001,0.002271524381637573,"tensor(0.6415, device='cuda:0')",0.001
167,0.002234313094615936,"tensor(0.6343, device='cuda:0')",0.001,0.0022715118646621704,"tensor(0.6421, device='cuda:0')",0.001
168,0.002234320648511251,"tensor(0.6361, device='cuda:0')",0.001,0.002271504545211792,"tensor(0.6417, device='cuda:0')",0.001
169,0.0022343249201774596,"tensor(0.6348, device='cuda:0')",0.001,0.0022714959621429444,"tensor(0.6421, device='cuda:0')",0.001
170,0.0022342732230822247,"tensor(0.6362, device='cuda:0')",0.001,0.0022714853525161744,"tensor(0.6437, device='cuda:0')",0.001
171,0.0022342852751413983,"tensor(0.6355, device='cuda:0')",0.001,0.002271472716331482,"tensor(0.6437, device='cuda:0')",0.001
172,0.002234277645746867,"tensor(0.6352, device='cuda:0')",0.001,0.0022714670419692992,"tensor(0.6429, device='cuda:0')",0.001
173,0.0022342724998792012,"tensor(0.6373, device='cuda:0')",0.001,0.002271457076072693,"tensor(0.6418, device='cuda:0')",0.001
174,0.0022342474023501076,"tensor(0.6357, device='cuda:0')",0.001,0.002271447777748108,"tensor(0.6415, device='cuda:0')",0.001
175,0.002234255317846934,"tensor(0.6360, device='cuda:0')",0.001,0.002271438503265381,"tensor(0.6434, device='cuda:0')",0.001
176,0.002234244438012441,"tensor(0.6354, device='cuda:0')",0.001,0.0022714287519454957,"tensor(0.6423, device='cuda:0')",0.001
177,0.002234224208196004,"tensor(0.6359, device='cuda:0')",0.001,0.002271418929100037,"tensor(0.6441, device='cuda:0')",0.001
178,0.002234210256735484,"tensor(0.6357, device='cuda:0')",0.001,0.002271409225463867,"tensor(0.6433, device='cuda:0')",0.001
179,0.0022342225551605223,"tensor(0.6366, device='cuda:0')",0.001,0.002271400594711304,"tensor(0.6441, device='cuda:0')",0.001
180,0.0022342196861902873,"tensor(0.6366, device='cuda:0')",0.001,0.002271389889717102,"tensor(0.6442, device='cuda:0')",0.001
181,0.0022341933449109394,"tensor(0.6368, device='cuda:0')",0.001,0.0022713809490203856,"tensor(0.6427, device='cuda:0')",0.001
182,0.0022341967384020486,"tensor(0.6358, device='cuda:0')",0.001,0.0022713748693466186,"tensor(0.6439, device='cuda:0')",0.001
183,0.0022341644565264385,"tensor(0.6373, device='cuda:0')",0.001,0.0022713623046875,"tensor(0.6437, device='cuda:0')",0.001
184,0.0022341723243395487,"tensor(0.6376, device='cuda:0')",0.001,0.002271356964111328,"tensor(0.6423, device='cuda:0')",0.001
185,0.002234157296021779,"tensor(0.6363, device='cuda:0')",0.001,0.002271345901489258,"tensor(0.6437, device='cuda:0')",0.001
186,0.002234158205986023,"tensor(0.6377, device='cuda:0')",0.001,0.002271337890625,"tensor(0.6434, device='cuda:0')",0.001
187,0.0022341333429018654,"tensor(0.6368, device='cuda:0')",0.001,0.0022713300466537475,"tensor(0.6444, device='cuda:0')",0.001
188,0.002234122081597646,"tensor(0.6373, device='cuda:0')",0.001,0.002271322154998779,"tensor(0.6447, device='cuda:0')",0.001
189,0.0022341047008832297,"tensor(0.6367, device='cuda:0')",0.001,0.002271311831474304,"tensor(0.6439, device='cuda:0')",0.001
190,0.002234122141202291,"tensor(0.6363, device='cuda:0')",0.001,0.002271306753158569,"tensor(0.6463, device='cuda:0')",0.001
191,0.002234117309252421,"tensor(0.6375, device='cuda:0')",0.001,0.0022712979316711424,"tensor(0.6460, device='cuda:0')",0.001
192,0.002234101943174998,"tensor(0.6380, device='cuda:0')",0.001,0.0022712910890579224,"tensor(0.6458, device='cuda:0')",0.001
193,0.002234066569805145,"tensor(0.6377, device='cuda:0')",0.001,0.002271283006668091,"tensor(0.6452, device='cuda:0')",0.001
194,0.0022340953588485717,"tensor(0.6378, device='cuda:0')",0.001,0.0022712724208831785,"tensor(0.6448, device='cuda:0')",0.001
195,0.0022340961337089537,"tensor(0.6376, device='cuda:0')",0.001,0.0022712656259536745,"tensor(0.6451, device='cuda:0')",0.001
196,0.0022340726375579835,"tensor(0.6381, device='cuda:0')",0.001,0.0022712576389312743,"tensor(0.6450, device='cuda:0')",0.001
197,0.0022340641498565673,"tensor(0.6375, device='cuda:0')",0.001,0.0022712497949600218,"tensor(0.6449, device='cuda:0')",0.001
198,0.002234048855304718,"tensor(0.6380, device='cuda:0')",0.001,0.002271247887611389,"tensor(0.6447, device='cuda:0')",0.001
199,0.002234058121840159,"tensor(0.6373, device='cuda:0')",0.001,0.0022712360382080078,"tensor(0.6451, device='cuda:0')",0.001
200,0.002234044357140859,"tensor(0.6385, device='cuda:0')",0.001,0.0022712290763854982,"tensor(0.6455, device='cuda:0')",0.001
201,0.0022340422590573627,"tensor(0.6381, device='cuda:0')",0.001,0.002271219277381897,"tensor(0.6455, device='cuda:0')",0.001
202,0.0022340577999750773,"tensor(0.6383, device='cuda:0')",0.001,0.0022712121725082398,"tensor(0.6451, device='cuda:0')",0.001
203,0.002234020253022512,"tensor(0.6387, device='cuda:0')",0.001,0.0022712059020996095,"tensor(0.6449, device='cuda:0')",0.001
204,0.0022340367197990416,"tensor(0.6384, device='cuda:0')",0.001,0.0022711986780166627,"tensor(0.6453, device='cuda:0')",0.001
205,0.0022340003689130146,"tensor(0.6384, device='cuda:0')",0.001,0.0022711933612823486,"tensor(0.6448, device='cuda:0')",0.001
206,0.002234020181496938,"tensor(0.6378, device='cuda:0')",0.001,0.0022711857318878175,"tensor(0.6465, device='cuda:0')",0.001
207,0.0022339970231056213,"tensor(0.6399, device='cuda:0')",0.001,0.002271180534362793,"tensor(0.6463, device='cuda:0')",0.001
208,0.0022340002338091533,"tensor(0.6389, device='cuda:0')",0.001,0.0022711739778518676,"tensor(0.6448, device='cuda:0')",0.001
209,0.0022339733958244325,"tensor(0.6379, device='cuda:0')",0.001,0.0022711644887924193,"tensor(0.6461, device='cuda:0')",0.001
210,0.002233976618448893,"tensor(0.6385, device='cuda:0')",0.001,0.0022711604833602905,"tensor(0.6465, device='cuda:0')",0.001
211,0.0022339845339457193,"tensor(0.6389, device='cuda:0')",0.001,0.002271152639389038,"tensor(0.6453, device='cuda:0')",0.001
212,0.002233965531984965,"tensor(0.6391, device='cuda:0')",0.001,0.0022711488485336303,"tensor(0.6465, device='cuda:0')",0.001
213,0.002233939802646637,"tensor(0.6395, device='cuda:0')",0.001,0.002271138596534729,"tensor(0.6469, device='cuda:0')",0.001
214,0.002233961625893911,"tensor(0.6390, device='cuda:0')",0.001,0.002271132707595825,"tensor(0.6453, device='cuda:0')",0.001
215,0.002233959742387136,"tensor(0.6387, device='cuda:0')",0.001,0.0022711282014846804,"tensor(0.6461, device='cuda:0')",0.001
216,0.0022339619477589924,"tensor(0.6384, device='cuda:0')",0.001,0.0022711217880249024,"tensor(0.6460, device='cuda:0')",0.001
217,0.0022339375575383506,"tensor(0.6396, device='cuda:0')",0.001,0.0022711146116256714,"tensor(0.6473, device='cuda:0')",0.001
218,0.002233924202124278,"tensor(0.6393, device='cuda:0')",0.001,0.0022711071968078613,"tensor(0.6468, device='cuda:0')",0.001
219,0.0022339296380678815,"tensor(0.6388, device='cuda:0')",0.001,0.0022711040019989014,"tensor(0.6469, device='cuda:0')",0.001
220,0.002233913040161133,"tensor(0.6401, device='cuda:0')",0.001,0.002271097493171692,"tensor(0.6465, device='cuda:0')",0.001
221,0.0022339208245277403,"tensor(0.6386, device='cuda:0')",0.001,0.002271090841293335,"tensor(0.6468, device='cuda:0')",0.001
222,0.0022339135885238648,"tensor(0.6389, device='cuda:0')",0.001,0.002271085262298584,"tensor(0.6470, device='cuda:0')",0.001
223,0.0022339033126831053,"tensor(0.6398, device='cuda:0')",0.001,0.002271078562736511,"tensor(0.6470, device='cuda:0')",0.001
224,0.0022338842550913493,"tensor(0.6399, device='cuda:0')",0.001,0.0022710731744766234,"tensor(0.6463, device='cuda:0')",0.001
225,0.0022338969310124715,"tensor(0.6397, device='cuda:0')",0.001,0.0022710666894912718,"tensor(0.6461, device='cuda:0')",0.001
226,0.002233875552813212,"tensor(0.6391, device='cuda:0')",0.001,0.0022710623502731325,"tensor(0.6471, device='cuda:0')",0.001
227,0.0022338866114616396,"tensor(0.6388, device='cuda:0')",0.001,0.0022710527896881104,"tensor(0.6480, device='cuda:0')",0.001
228,0.0022338712056477862,"tensor(0.6397, device='cuda:0')",0.001,0.0022710495710372923,"tensor(0.6470, device='cuda:0')",0.001
229,0.0022338522513707477,"tensor(0.6401, device='cuda:0')",0.001,0.0022710448741912843,"tensor(0.6468, device='cuda:0')",0.001
230,0.002233868594964345,"tensor(0.6390, device='cuda:0')",0.001,0.0022710390090942383,"tensor(0.6479, device='cuda:0')",0.001
231,0.002233866536617279,"tensor(0.6395, device='cuda:0')",0.001,0.0022710320472717287,"tensor(0.6476, device='cuda:0')",0.001
232,0.002233834763367971,"tensor(0.6415, device='cuda:0')",0.001,0.002271026563644409,"tensor(0.6472, device='cuda:0')",0.001
233,0.0022338493227958677,"tensor(0.6403, device='cuda:0')",0.001,0.002271024775505066,"tensor(0.6475, device='cuda:0')",0.001
234,0.0022338550726572672,"tensor(0.6387, device='cuda:0')",0.001,0.0022710211038589477,"tensor(0.6464, device='cuda:0')",0.001
235,0.00223384659687678,"tensor(0.6401, device='cuda:0')",0.001,0.002271010422706604,"tensor(0.6482, device='cuda:0')",0.001
236,0.0022338417609532673,"tensor(0.6412, device='cuda:0')",0.001,0.0022710055828094483,"tensor(0.6479, device='cuda:0')",0.001
237,0.00223383594751358,"tensor(0.6400, device='cuda:0')",0.001,0.0022710014343261717,"tensor(0.6472, device='cuda:0')",0.001
238,0.0022338451186815897,"tensor(0.6407, device='cuda:0')",0.001,0.0022709975481033325,"tensor(0.6478, device='cuda:0')",0.001
239,0.0022338128805160524,"tensor(0.6410, device='cuda:0')",0.001,0.00227099015712738,"tensor(0.6474, device='cuda:0')",0.001
240,0.002233810019493103,"tensor(0.6409, device='cuda:0')",0.001,0.0022709861993789673,"tensor(0.6475, device='cuda:0')",0.001
241,0.002233799318472544,"tensor(0.6405, device='cuda:0')",0.001,0.0022709807157516478,"tensor(0.6482, device='cuda:0')",0.001
242,0.0022338192701339722,"tensor(0.6408, device='cuda:0')",0.001,0.0022709755897521973,"tensor(0.6477, device='cuda:0')",0.001
243,0.002233813134829203,"tensor(0.6399, device='cuda:0')",0.001,0.002270971465110779,"tensor(0.6470, device='cuda:0')",0.001
244,0.0022337941646575926,"tensor(0.6400, device='cuda:0')",0.001,0.002270964956283569,"tensor(0.6488, device='cuda:0')",0.001
245,0.0022337840676307677,"tensor(0.6410, device='cuda:0')",0.001,0.0022709611654281618,"tensor(0.6490, device='cuda:0')",0.001
246,0.0022337940414746604,"tensor(0.6413, device='cuda:0')",0.001,0.0022709563970565796,"tensor(0.6481, device='cuda:0')",0.001
247,0.0022337661067644756,"tensor(0.6413, device='cuda:0')",0.001,0.002270953989028931,"tensor(0.6486, device='cuda:0')",0.001
248,0.00223377384742101,"tensor(0.6408, device='cuda:0')",0.001,0.0022709450960159304,"tensor(0.6477, device='cuda:0')",0.001
249,0.0022337692459424336,"tensor(0.6407, device='cuda:0')",0.001,0.002270941138267517,"tensor(0.6491, device='cuda:0')",0.001
250,0.0022337757070859275,"tensor(0.6409, device='cuda:0')",0.001,0.002270938444137573,"tensor(0.6484, device='cuda:0')",0.001
251,0.0022337676525115966,"tensor(0.6406, device='cuda:0')",0.001,0.002270930242538452,"tensor(0.6494, device='cuda:0')",0.001
252,0.0022337586720784504,"tensor(0.6413, device='cuda:0')",0.001,0.0022709293842315672,"tensor(0.6485, device='cuda:0')",0.001
253,0.002233759951591492,"tensor(0.6416, device='cuda:0')",0.001,0.002270922827720642,"tensor(0.6493, device='cuda:0')",0.001
254,0.002233751714229584,"tensor(0.6419, device='cuda:0')",0.001,0.0022709197998046875,"tensor(0.6487, device='cuda:0')",0.001
255,0.002233754642804464,"tensor(0.6412, device='cuda:0')",0.001,0.0022709150075912476,"tensor(0.6480, device='cuda:0')",0.001
256,0.0022337332169214885,"tensor(0.6425, device='cuda:0')",0.001,0.0022709118127822877,"tensor(0.6491, device='cuda:0')",0.001
257,0.0022337269028027853,"tensor(0.6414, device='cuda:0')",0.001,0.0022709075927734375,"tensor(0.6481, device='cuda:0')",0.001
258,0.0022337412039438883,"tensor(0.6424, device='cuda:0')",0.001,0.0022709003686904906,"tensor(0.6491, device='cuda:0')",0.001
259,0.0022337165236473084,"tensor(0.6413, device='cuda:0')",0.001,0.002270895719528198,"tensor(0.6491, device='cuda:0')",0.001
260,0.0022337168455123903,"tensor(0.6410, device='cuda:0')",0.001,0.002270893955230713,"tensor(0.6485, device='cuda:0')",0.001
261,0.0022337161501248676,"tensor(0.6420, device='cuda:0')",0.001,0.002270888090133667,"tensor(0.6495, device='cuda:0')",0.001
262,0.002233713066577911,"tensor(0.6410, device='cuda:0')",0.001,0.0022708839178085327,"tensor(0.6486, device='cuda:0')",0.001
263,0.002233711552619934,"tensor(0.6425, device='cuda:0')",0.001,0.002270878291130066,"tensor(0.6481, device='cuda:0')",0.001
264,0.002233703656991323,"tensor(0.6413, device='cuda:0')",0.001,0.0022708754777908324,"tensor(0.6495, device='cuda:0')",0.001
265,0.002233709466457367,"tensor(0.6414, device='cuda:0')",0.001,0.0022708688020706175,"tensor(0.6497, device='cuda:0')",0.001
266,0.002233691573143005,"tensor(0.6422, device='cuda:0')",0.001,0.0022708670139312743,"tensor(0.6497, device='cuda:0')",0.001
267,0.0022337008873621624,"tensor(0.6420, device='cuda:0')",0.001,0.002270861029624939,"tensor(0.6498, device='cuda:0')",0.001
268,0.002233688143889109,"tensor(0.6425, device='cuda:0')",0.001,0.002270857834815979,"tensor(0.6503, device='cuda:0')",0.001
269,0.0022336703022321066,"tensor(0.6426, device='cuda:0')",0.001,0.002270853877067566,"tensor(0.6498, device='cuda:0')",0.001
270,0.0022336801528930663,"tensor(0.6417, device='cuda:0')",0.001,0.002270848560333252,"tensor(0.6506, device='cuda:0')",0.001
271,0.0022336880405743917,"tensor(0.6426, device='cuda:0')",0.001,0.0022708460569381716,"tensor(0.6495, device='cuda:0')",0.001
272,0.0022336743235588075,"tensor(0.6428, device='cuda:0')",0.001,0.0022708400487899782,"tensor(0.6506, device='cuda:0')",0.001
273,0.0022336660067240398,"tensor(0.6427, device='cuda:0')",0.001,0.0022708386182785033,"tensor(0.6503, device='cuda:0')",0.001
274,0.0022336767355600994,"tensor(0.6424, device='cuda:0')",0.001,0.0022708325386047363,"tensor(0.6503, device='cuda:0')",0.001
275,0.0022336644371350606,"tensor(0.6435, device='cuda:0')",0.001,0.0022708287477493285,"tensor(0.6495, device='cuda:0')",0.001
276,0.0022336571137110393,"tensor(0.6425, device='cuda:0')",0.001,0.0022708251476287844,"tensor(0.6483, device='cuda:0')",0.001
277,0.00223365660905838,"tensor(0.6423, device='cuda:0')",0.001,0.002270823287963867,"tensor(0.6498, device='cuda:0')",0.001
278,0.0022336536129315696,"tensor(0.6425, device='cuda:0')",0.001,0.0022708168745040895,"tensor(0.6501, device='cuda:0')",0.001
279,0.002233667286237081,"tensor(0.6428, device='cuda:0')",0.001,0.0022708148956298827,"tensor(0.6489, device='cuda:0')",0.001
280,0.0022336569984753927,"tensor(0.6432, device='cuda:0')",0.001,0.0022708106517791747,"tensor(0.6506, device='cuda:0')",0.001
281,0.002233643686771393,"tensor(0.6441, device='cuda:0')",0.001,0.002270806550979614,"tensor(0.6510, device='cuda:0')",0.001
282,0.0022336509188016257,"tensor(0.6428, device='cuda:0')",0.001,0.002270804214477539,"tensor(0.6500, device='cuda:0')",0.001
283,0.0022336559851964316,"tensor(0.6432, device='cuda:0')",0.001,0.002270800805091858,"tensor(0.6495, device='cuda:0')",0.001
284,0.002233628571033478,"tensor(0.6431, device='cuda:0')",0.001,0.002270796036720276,"tensor(0.6501, device='cuda:0')",0.001
285,0.0022336233337720236,"tensor(0.6438, device='cuda:0')",0.001,0.0022707900285720826,"tensor(0.6501, device='cuda:0')",0.001
286,0.0022336188912391664,"tensor(0.6431, device='cuda:0')",0.001,0.0022707865476608276,"tensor(0.6503, device='cuda:0')",0.001
287,0.00223362185160319,"tensor(0.6425, device='cuda:0')",0.001,0.0022707853078842164,"tensor(0.6509, device='cuda:0')",0.001
288,0.0022336238582928974,"tensor(0.6432, device='cuda:0')",0.001,0.0022707825183868407,"tensor(0.6508, device='cuda:0')",0.001
289,0.0022336211919784547,"tensor(0.6444, device='cuda:0')",0.001,0.0022707788705825806,"tensor(0.6507, device='cuda:0')",0.001
290,0.002233607260386149,"tensor(0.6429, device='cuda:0')",0.001,0.0022707747936248778,"tensor(0.6512, device='cuda:0')",0.001
291,0.002233607236544291,"tensor(0.6438, device='cuda:0')",0.001,0.002270772647857666,"tensor(0.6509, device='cuda:0')",0.001
292,0.0022335956692695618,"tensor(0.6444, device='cuda:0')",0.001,0.0022707688331604003,"tensor(0.6501, device='cuda:0')",0.001
293,0.0022335729320844015,"tensor(0.6434, device='cuda:0')",0.001,0.0022707618713378908,"tensor(0.6504, device='cuda:0')",0.001
294,0.0022335981130599974,"tensor(0.6434, device='cuda:0')",0.001,0.0022707611322402956,"tensor(0.6499, device='cuda:0')",0.001
295,0.0022335858782132467,"tensor(0.6433, device='cuda:0')",0.001,0.0022707581996917726,"tensor(0.6496, device='cuda:0')",0.001
296,0.002233593487739563,"tensor(0.6443, device='cuda:0')",0.001,0.0022707544803619384,"tensor(0.6502, device='cuda:0')",0.001
297,0.0022335859616597494,"tensor(0.6433, device='cuda:0')",0.001,0.002270750856399536,"tensor(0.6504, device='cuda:0')",0.001
298,0.0022335829496383667,"tensor(0.6441, device='cuda:0')",0.001,0.0022707475662231444,"tensor(0.6511, device='cuda:0')",0.001
299,0.0022335867802302043,"tensor(0.6446, device='cuda:0')",0.001,0.0022707430839538573,"tensor(0.6498, device='cuda:0')",0.001
300,0.0022335741996765135,"tensor(0.6421, device='cuda:0')",0.001,0.0022707417488098147,"tensor(0.6512, device='cuda:0')",0.001
301,0.002233574875195821,"tensor(0.6455, device='cuda:0')",0.001,0.002270737886428833,"tensor(0.6504, device='cuda:0')",0.001
302,0.0022335575461387633,"tensor(0.6424, device='cuda:0')",0.001,0.0022707351207733152,"tensor(0.6511, device='cuda:0')",0.001
303,0.0022335489233334858,"tensor(0.6444, device='cuda:0')",0.001,0.002270731496810913,"tensor(0.6510, device='cuda:0')",0.001
304,0.0022335729201634724,"tensor(0.6440, device='cuda:0')",0.001,0.002270729398727417,"tensor(0.6501, device='cuda:0')",0.001
305,0.0022335704604784646,"tensor(0.6434, device='cuda:0')",0.001,0.002270724105834961,"tensor(0.6504, device='cuda:0')",0.001
306,0.0022335506359736123,"tensor(0.6450, device='cuda:0')",0.001,0.0022707211494445803,"tensor(0.6508, device='cuda:0')",0.001
307,0.0022335460384686786,"tensor(0.6448, device='cuda:0')",0.001,0.0022707215070724486,"tensor(0.6494, device='cuda:0')",0.001
308,0.0022335620800654093,"tensor(0.6440, device='cuda:0')",0.001,0.0022707167625427246,"tensor(0.6512, device='cuda:0')",0.001
309,0.0022335461815198264,"tensor(0.6435, device='cuda:0')",0.001,0.002270713233947754,"tensor(0.6508, device='cuda:0')",0.001
310,0.002233529778321584,"tensor(0.6446, device='cuda:0')",0.001,0.002270710515975952,"tensor(0.6509, device='cuda:0')",0.001
311,0.002233561114470164,"tensor(0.6433, device='cuda:0')",0.001,0.0022707061767578123,"tensor(0.6515, device='cuda:0')",0.001
312,0.0022335291703542075,"tensor(0.6451, device='cuda:0')",0.001,0.0022707024812698364,"tensor(0.6516, device='cuda:0')",0.001
313,0.002233547564347585,"tensor(0.6448, device='cuda:0')",0.001,0.0022707041025161745,"tensor(0.6504, device='cuda:0')",0.001
314,0.0022335267861684164,"tensor(0.6446, device='cuda:0')",0.001,0.0022706990003585814,"tensor(0.6506, device='cuda:0')",0.001
315,0.002233531137307485,"tensor(0.6456, device='cuda:0')",0.001,0.002270696783065796,"tensor(0.6502, device='cuda:0')",0.001
316,0.002233541977405548,"tensor(0.6429, device='cuda:0')",0.001,0.002270690846443176,"tensor(0.6511, device='cuda:0')",0.001
317,0.0022335323294003805,"tensor(0.6442, device='cuda:0')",0.001,0.0022706865549087523,"tensor(0.6525, device='cuda:0')",0.001
318,0.0022335255026817323,"tensor(0.6458, device='cuda:0')",0.001,0.002270687222480774,"tensor(0.6511, device='cuda:0')",0.001
319,0.002233533525466919,"tensor(0.6449, device='cuda:0')",0.001,0.0022706837415695192,"tensor(0.6504, device='cuda:0')",0.001
320,0.0022335184693336486,"tensor(0.6445, device='cuda:0')",0.001,0.002270681071281433,"tensor(0.6511, device='cuda:0')",0.001
321,0.00223350430727005,"tensor(0.6449, device='cuda:0')",0.001,0.0022706753253936766,"tensor(0.6508, device='cuda:0')",0.001
322,0.0022335284948349,"tensor(0.6438, device='cuda:0')",0.001,0.0022706740856170654,"tensor(0.6514, device='cuda:0')",0.001
323,0.0022334906657536825,"tensor(0.6454, device='cuda:0')",0.001,0.0022706721782684326,"tensor(0.6517, device='cuda:0')",0.001
324,0.0022335090359052023,"tensor(0.6449, device='cuda:0')",0.001,0.0022706689596176145,"tensor(0.6514, device='cuda:0')",0.001
325,0.002233513589700063,"tensor(0.6446, device='cuda:0')",0.001,0.0022706641674041747,"tensor(0.6511, device='cuda:0')",0.001
326,0.0022335199356079104,"tensor(0.6456, device='cuda:0')",0.001,0.0022706614255905153,"tensor(0.6512, device='cuda:0')",0.001
327,0.0022334736148516337,"tensor(0.6443, device='cuda:0')",0.001,0.002270660448074341,"tensor(0.6528, device='cuda:0')",0.001
328,0.002233490872383118,"tensor(0.6451, device='cuda:0')",0.001,0.002270659852027893,"tensor(0.6511, device='cuda:0')",0.001
329,0.0022334849913914997,"tensor(0.6458, device='cuda:0')",0.001,0.002270657014846802,"tensor(0.6516, device='cuda:0')",0.001
330,0.002233488154411316,"tensor(0.6445, device='cuda:0')",0.001,0.0022706518650054933,"tensor(0.6516, device='cuda:0')",0.001
331,0.002233500381310781,"tensor(0.6450, device='cuda:0')",0.001,0.00227065007686615,"tensor(0.6517, device='cuda:0')",0.001
332,0.002233506977558136,"tensor(0.6444, device='cuda:0')",0.001,0.002270644974708557,"tensor(0.6521, device='cuda:0')",0.001
333,0.002233488615353902,"tensor(0.6458, device='cuda:0')",0.001,0.0022706457853317263,"tensor(0.6523, device='cuda:0')",0.001
334,0.0022334858258565267,"tensor(0.6457, device='cuda:0')",0.001,0.002270642375946045,"tensor(0.6527, device='cuda:0')",0.001
335,0.002233475188414256,"tensor(0.6452, device='cuda:0')",0.001,0.0022706377029418946,"tensor(0.6513, device='cuda:0')",0.001
336,0.0022334866603215538,"tensor(0.6457, device='cuda:0')",0.001,0.0022706340789794923,"tensor(0.6513, device='cuda:0')",0.001
337,0.002233473082383474,"tensor(0.6458, device='cuda:0')",0.001,0.0022706325769424438,"tensor(0.6523, device='cuda:0')",0.001
338,0.0022334818879763286,"tensor(0.6454, device='cuda:0')",0.001,0.002270631980895996,"tensor(0.6516, device='cuda:0')",0.001
339,0.002233471624056498,"tensor(0.6445, device='cuda:0')",0.001,0.0022706274509429933,"tensor(0.6523, device='cuda:0')",0.001
340,0.0022334660251935325,"tensor(0.6459, device='cuda:0')",0.001,0.0022706228017807008,"tensor(0.6523, device='cuda:0')",0.001
341,0.0022334675590197244,"tensor(0.6463, device='cuda:0')",0.001,0.0022706238508224488,"tensor(0.6516, device='cuda:0')",0.001
342,0.0022334550460179647,"tensor(0.6447, device='cuda:0')",0.001,0.002270621371269226,"tensor(0.6529, device='cuda:0')",0.001
343,0.002233440057436625,"tensor(0.6455, device='cuda:0')",0.001,0.0022706151008605956,"tensor(0.6524, device='cuda:0')",0.001
344,0.0022334527095158895,"tensor(0.6447, device='cuda:0')",0.001,0.002270613980293274,"tensor(0.6519, device='cuda:0')",0.001
345,0.002233449387550354,"tensor(0.6466, device='cuda:0')",0.001,0.002270612382888794,"tensor(0.6521, device='cuda:0')",0.001
346,0.0022334575494130453,"tensor(0.6452, device='cuda:0')",0.001,0.0022706090450286863,"tensor(0.6528, device='cuda:0')",0.001
347,0.002233449939886729,"tensor(0.6466, device='cuda:0')",0.001,0.0022706069231033326,"tensor(0.6523, device='cuda:0')",0.001
348,0.002233455189069112,"tensor(0.6464, device='cuda:0')",0.001,0.002270608496665955,"tensor(0.6513, device='cuda:0')",0.001
349,0.0022334412336349487,"tensor(0.6453, device='cuda:0')",0.001,0.0022706013679504393,"tensor(0.6526, device='cuda:0')",0.001
350,0.002233451755841573,"tensor(0.6459, device='cuda:0')",0.001,0.002270599985122681,"tensor(0.6524, device='cuda:0')",0.001
351,0.002233439270655314,"tensor(0.6454, device='cuda:0')",0.001,0.002270599126815796,"tensor(0.6521, device='cuda:0')",0.001
352,0.0022334422826766967,"tensor(0.6461, device='cuda:0')",0.001,0.002270595097541809,"tensor(0.6527, device='cuda:0')",0.001
353,0.0022334325393040975,"tensor(0.6468, device='cuda:0')",0.001,0.00227059211730957,"tensor(0.6518, device='cuda:0')",0.001
354,0.0022334408601125083,"tensor(0.6458, device='cuda:0')",0.001,0.0022705906867980957,"tensor(0.6525, device='cuda:0')",0.001
355,0.002233445405960083,"tensor(0.6465, device='cuda:0')",0.001,0.002270590567588806,"tensor(0.6521, device='cuda:0')",0.001
356,0.002233435567220052,"tensor(0.6456, device='cuda:0')",0.001,0.0022705851316452024,"tensor(0.6525, device='cuda:0')",0.001
357,0.00223340859413147,"tensor(0.6463, device='cuda:0')",0.001,0.0022705840110778808,"tensor(0.6528, device='cuda:0')",0.001
358,0.002233423320452372,"tensor(0.6458, device='cuda:0')",0.001,0.0022705809116363527,"tensor(0.6521, device='cuda:0')",0.001
359,0.002233426475524902,"tensor(0.6453, device='cuda:0')",0.001,0.002270576286315918,"tensor(0.6525, device='cuda:0')",0.001
360,0.0022334361553192138,"tensor(0.6468, device='cuda:0')",0.001,0.0022705727100372315,"tensor(0.6527, device='cuda:0')",0.001
361,0.0022334311644236246,"tensor(0.6456, device='cuda:0')",0.001,0.0022705748558044434,"tensor(0.6526, device='cuda:0')",0.001
362,0.0022334073464075725,"tensor(0.6463, device='cuda:0')",0.001,0.0022705703258514404,"tensor(0.6534, device='cuda:0')",0.001
363,0.0022334088802337644,"tensor(0.6463, device='cuda:0')",0.001,0.002270569801330566,"tensor(0.6521, device='cuda:0')",0.001
364,0.002233414355913798,"tensor(0.6455, device='cuda:0')",0.001,0.002270566749572754,"tensor(0.6531, device='cuda:0')",0.001
365,0.002233397670586904,"tensor(0.6472, device='cuda:0')",0.001,0.002270564365386963,"tensor(0.6531, device='cuda:0')",0.001
366,0.002233405093352,"tensor(0.6454, device='cuda:0')",0.001,0.002270560836791992,"tensor(0.6528, device='cuda:0')",0.001
367,0.002233393665154775,"tensor(0.6464, device='cuda:0')",0.001,0.0022705599069595336,"tensor(0.6532, device='cuda:0')",0.001
368,0.0022333896875381468,"tensor(0.6463, device='cuda:0')",0.001,0.0022705552339553833,"tensor(0.6532, device='cuda:0')",0.001
369,0.002233374349276225,"tensor(0.6466, device='cuda:0')",0.001,0.002270553970336914,"tensor(0.6534, device='cuda:0')",0.001
370,0.002233397845427195,"tensor(0.6463, device='cuda:0')",0.001,0.00227055401802063,"tensor(0.6527, device='cuda:0')",0.001
371,0.0022333786606788635,"tensor(0.6466, device='cuda:0')",0.001,0.0022705520391464234,"tensor(0.6532, device='cuda:0')",0.001
372,0.002233400785923004,"tensor(0.6461, device='cuda:0')",0.001,0.002270546841621399,"tensor(0.6524, device='cuda:0')",0.001
373,0.0022333950996398927,"tensor(0.6467, device='cuda:0')",0.001,0.0022705455780029295,"tensor(0.6527, device='cuda:0')",0.001
374,0.0022333978215853373,"tensor(0.6465, device='cuda:0')",0.001,0.002270544171333313,"tensor(0.6532, device='cuda:0')",0.001
375,0.002233377003669739,"tensor(0.6470, device='cuda:0')",0.001,0.0022705413818359375,"tensor(0.6527, device='cuda:0')",0.001
376,0.0022333680748939516,"tensor(0.6457, device='cuda:0')",0.001,0.0022705396890640257,"tensor(0.6533, device='cuda:0')",0.001
377,0.0022333691000938414,"tensor(0.6471, device='cuda:0')",0.001,0.002270537567138672,"tensor(0.6526, device='cuda:0')",0.001
378,0.002233383639653524,"tensor(0.6468, device='cuda:0')",0.001,0.0022705363988876344,"tensor(0.6526, device='cuda:0')",0.001
379,0.0022333637475967405,"tensor(0.6455, device='cuda:0')",0.001,0.0022705322980880738,"tensor(0.6527, device='cuda:0')",0.001
380,0.002233378048737844,"tensor(0.6474, device='cuda:0')",0.001,0.0022705321311950683,"tensor(0.6518, device='cuda:0')",0.001
381,0.0022333797375361127,"tensor(0.6464, device='cuda:0')",0.001,0.0022705289840698243,"tensor(0.6528, device='cuda:0')",0.001
382,0.002233383595943451,"tensor(0.6472, device='cuda:0')",0.001,0.002270525574684143,"tensor(0.6525, device='cuda:0')",0.001
383,0.0022333502133687335,"tensor(0.6470, device='cuda:0')",0.001,0.002270525407791138,"tensor(0.6535, device='cuda:0')",0.001
384,0.0022333742260932923,"tensor(0.6462, device='cuda:0')",0.001,0.002270523023605347,"tensor(0.6532, device='cuda:0')",0.001
385,0.002233368186155955,"tensor(0.6465, device='cuda:0')",0.001,0.00227052059173584,"tensor(0.6525, device='cuda:0')",0.001
386,0.002233374071121216,"tensor(0.6468, device='cuda:0')",0.001,0.0022705163240432738,"tensor(0.6533, device='cuda:0')",0.001
387,0.002233356328805288,"tensor(0.6476, device='cuda:0')",0.001,0.0022705150842666625,"tensor(0.6527, device='cuda:0')",0.001
388,0.0022333375612894695,"tensor(0.6474, device='cuda:0')",0.001,0.002270514416694641,"tensor(0.6526, device='cuda:0')",0.001
389,0.0022333563963572185,"tensor(0.6465, device='cuda:0')",0.001,0.002270512318611145,"tensor(0.6524, device='cuda:0')",0.001
390,0.002233348516623179,"tensor(0.6465, device='cuda:0')",0.001,0.0022705077171325683,"tensor(0.6536, device='cuda:0')",0.001
391,0.0022333646734555563,"tensor(0.6472, device='cuda:0')",0.001,0.0022705086469650268,"tensor(0.6531, device='cuda:0')",0.001
392,0.002233341745535533,"tensor(0.6469, device='cuda:0')",0.001,0.0022705047845840453,"tensor(0.6534, device='cuda:0')",0.001
393,0.002233343843619029,"tensor(0.6461, device='cuda:0')",0.001,0.0022705024719238283,"tensor(0.6540, device='cuda:0')",0.001
394,0.002233345444997152,"tensor(0.6485, device='cuda:0')",0.001,0.0022705029249191285,"tensor(0.6535, device='cuda:0')",0.001
395,0.002233345337708791,"tensor(0.6457, device='cuda:0')",0.001,0.002270501160621643,"tensor(0.6533, device='cuda:0')",0.001
396,0.002233327249685923,"tensor(0.6485, device='cuda:0')",0.001,0.002270494842529297,"tensor(0.6539, device='cuda:0')",0.001
397,0.002233340652783712,"tensor(0.6464, device='cuda:0')",0.001,0.0022704950094223023,"tensor(0.6534, device='cuda:0')",0.001
398,0.0022333337664604187,"tensor(0.6475, device='cuda:0')",0.001,0.0022704909801483154,"tensor(0.6538, device='cuda:0')",0.001
399,0.002233343152205149,"tensor(0.6473, device='cuda:0')",0.001,0.0022704952478408815,"tensor(0.6526, device='cuda:0')",0.001
400,0.0022333289941151935,"tensor(0.6467, device='cuda:0')",0.001,0.002270489954948425,"tensor(0.6530, device='cuda:0')",0.001
